<application>
  <component name="ProjectJdkTable">
    <jdk version="2">
      <name value="Python 3.6 (my_blog)" />
      <type value="Python SDK" />
      <version value="Python 3.6.8" />
      <homePath value="D:\program\program_code\python36_virtualenv_home\my_blog\Scripts\python.exe" />
      <roots>
        <classPath>
          <root type="composite">
            <root url="file://D:/program/program_code/python36_virtualenv_home/my_blog/Lib" type="simple" />
            <root url="file://D:/program/program_code/python36_virtualenv_home/my_blog/Scripts" type="simple" />
            <root url="file://D:/program/program_code/Python36/Lib" type="simple" />
            <root url="file://D:/program/program_code/Python36/DLLs" type="simple" />
            <root url="file://D:/program/program_code/python36_virtualenv_home/my_blog" type="simple" />
            <root url="file://D:/program/program_code/python36_virtualenv_home/my_blog/Lib/site-packages" type="simple" />
            <root url="file://$USER_HOME$/.PyCharmCE2019.2/system/python_stubs/-991746479" type="simple" />
            <root url="file://$APPLICATION_HOME_DIR$/helpers/python-skeletons" type="simple" />
            <root url="file://$APPLICATION_HOME_DIR$/helpers/typeshed/stdlib/3" type="simple" />
            <root url="file://$APPLICATION_HOME_DIR$/helpers/typeshed/stdlib/2and3" type="simple" />
            <root url="file://$APPLICATION_HOME_DIR$/helpers/typeshed/third_party/3" type="simple" />
            <root url="file://$APPLICATION_HOME_DIR$/helpers/typeshed/third_party/2and3" type="simple" />
          </root>
        </classPath>
        <sourcePath>
          <root type="composite" />
        </sourcePath>
      </roots>
      <additional ASSOCIATED_PROJECT_PATH="$USER_HOME$/Desktop/MY/my_blog" />
    </jdk>
    <jdk version="2">
      <name value="Python 3.6" />
      <type value="Python SDK" />
      <version value="Python 3.6.8" />
      <homePath value="D:\program\program_code\Python36\python.exe" />
      <roots>
        <classPath>
          <root type="composite">
            <root url="file://D:/program/program_code/Python36/DLLs" type="simple" />
            <root url="file://D:/program/program_code/Python36/Lib" type="simple" />
            <root url="file://D:/program/program_code/Python36" type="simple" />
            <root url="file://D:/program/program_code/Python36/Lib/site-packages" type="simple" />
            <root url="file://D:/program/program_code/Python36/Lib/site-packages/win32" type="simple" />
            <root url="file://D:/program/program_code/Python36/Lib/site-packages/win32/lib" type="simple" />
            <root url="file://D:/program/program_code/Python36/Lib/site-packages/pythonwin" type="simple" />
            <root url="file://$USER_HOME$/.PyCharmCE2019.2/system/python_stubs/1702376333" type="simple" />
            <root url="file://$APPLICATION_HOME_DIR$/helpers/python-skeletons" type="simple" />
            <root url="file://$APPLICATION_HOME_DIR$/helpers/typeshed/stdlib/3" type="simple" />
            <root url="file://$APPLICATION_HOME_DIR$/helpers/typeshed/stdlib/2and3" type="simple" />
            <root url="file://$APPLICATION_HOME_DIR$/helpers/typeshed/third_party/3" type="simple" />
            <root url="file://$APPLICATION_HOME_DIR$/helpers/typeshed/third_party/2and3" type="simple" />
          </root>
        </classPath>
        <sourcePath>
          <root type="composite" />
        </sourcePath>
      </roots>
      <additional />
    </jdk>
    <jdk version="2">
      <name value="Python 3.6 (my_spider)" />
      <type value="Python SDK" />
      <version value="Python 3.6.8" />
      <homePath value="D:\program\program_code\python36_virtualenv_home\my_spider\Scripts\python.exe" />
      <roots>
        <classPath>
          <root type="composite">
            <root url="file://D:/program/program_code/python36_virtualenv_home/my_spider/Lib" type="simple" />
            <root url="file://D:/program/program_code/python36_virtualenv_home/my_spider/Scripts" type="simple" />
            <root url="file://D:/program/program_code/Python36/Lib" type="simple" />
            <root url="file://D:/program/program_code/Python36/DLLs" type="simple" />
            <root url="file://D:/program/program_code/python36_virtualenv_home/my_spider" type="simple" />
            <root url="file://D:/program/program_code/python36_virtualenv_home/my_spider/Lib/site-packages" type="simple" />
            <root url="file://D:/program/program_code/python36_virtualenv_home/my_spider/Lib/site-packages/win32" type="simple" />
            <root url="file://D:/program/program_code/python36_virtualenv_home/my_spider/Lib/site-packages/win32/lib" type="simple" />
            <root url="file://D:/program/program_code/python36_virtualenv_home/my_spider/Lib/site-packages/pythonwin" type="simple" />
            <root url="file://$USER_HOME$/.PyCharmCE2019.2/system/python_stubs/-1813782802" type="simple" />
            <root url="file://$APPLICATION_HOME_DIR$/helpers/python-skeletons" type="simple" />
            <root url="file://$APPLICATION_HOME_DIR$/helpers/typeshed/stdlib/3" type="simple" />
            <root url="file://$APPLICATION_HOME_DIR$/helpers/typeshed/stdlib/2and3" type="simple" />
            <root url="file://$APPLICATION_HOME_DIR$/helpers/typeshed/third_party/3" type="simple" />
            <root url="file://$APPLICATION_HOME_DIR$/helpers/typeshed/third_party/2and3" type="simple" />
          </root>
        </classPath>
        <sourcePath>
          <root type="composite" />
        </sourcePath>
      </roots>
      <additional />
    </jdk>
    <jdk version="2">
      <name value="Python 3.6 (my_pyqt)" />
      <type value="Python SDK" />
      <version value="Python 3.6.8" />
      <homePath value="D:\program\program_code\python36_virtualenv_home\my_pyqt\Scripts\python.exe" />
      <roots>
        <classPath>
          <root type="composite">
            <root url="file://D:/program/program_code/python36_virtualenv_home/my_pyqt/DLLs" type="simple" />
            <root url="file://D:/program/program_code/python36_virtualenv_home/my_pyqt/Lib" type="simple" />
            <root url="file://D:/program/program_code/python36_virtualenv_home/my_pyqt/Scripts" type="simple" />
            <root url="file://D:/program/program_code/Python36/Lib" type="simple" />
            <root url="file://D:/program/program_code/Python36/DLLs" type="simple" />
            <root url="file://D:/program/program_code/python36_virtualenv_home/my_pyqt" type="simple" />
            <root url="file://D:/program/program_code/python36_virtualenv_home/my_pyqt/Lib/site-packages" type="simple" />
            <root url="file://D:/program/program_code/python36_virtualenv_home/my_pyqt/Lib/site-packages/PyInstaller-4.0.dev0+a9b299995-py3.6.egg" type="simple" />
            <root url="file://D:/program/program_code/python36_virtualenv_home/my_pyqt/Lib/site-packages/win32" type="simple" />
            <root url="file://D:/program/program_code/python36_virtualenv_home/my_pyqt/Lib/site-packages/win32/lib" type="simple" />
            <root url="file://D:/program/program_code/python36_virtualenv_home/my_pyqt/Lib/site-packages/pythonwin" type="simple" />
            <root url="file://$USER_HOME$/.PyCharmCE2019.2/system/python_stubs/-2066886713" type="simple" />
            <root url="file://$APPLICATION_HOME_DIR$/helpers/python-skeletons" type="simple" />
            <root url="file://$APPLICATION_HOME_DIR$/helpers/typeshed/stdlib/3" type="simple" />
            <root url="file://$APPLICATION_HOME_DIR$/helpers/typeshed/stdlib/2and3" type="simple" />
            <root url="file://$APPLICATION_HOME_DIR$/helpers/typeshed/third_party/3" type="simple" />
            <root url="file://$APPLICATION_HOME_DIR$/helpers/typeshed/third_party/2and3" type="simple" />
          </root>
        </classPath>
        <sourcePath>
          <root type="composite" />
        </sourcePath>
      </roots>
      <additional ASSOCIATED_PROJECT_PATH="$USER_HOME$/Desktop/MY/fulengen/img_overlap" />
    </jdk>
    <jdk version="2">
      <name value="Python 3.5 (img_overlap)" />
      <type value="Python SDK" />
      <version value="Python 3.5.4" />
      <homePath value="D:\program\program_code\python36_virtualenv_home\img_overlap\Scripts\python.exe" />
      <roots>
        <classPath>
          <root type="composite">
            <root url="file://D:/program/program_code/python36_virtualenv_home/img_overlap/Lib" type="simple" />
            <root url="file://D:/program/program_code/python36_virtualenv_home/img_overlap/Scripts" type="simple" />
            <root url="file://D:/program/program_code/python35/Lib" type="simple" />
            <root url="file://D:/program/program_code/python35/DLLs" type="simple" />
            <root url="file://D:/program/program_code/python36_virtualenv_home/img_overlap" type="simple" />
            <root url="file://D:/program/program_code/python36_virtualenv_home/img_overlap/Lib/site-packages" type="simple" />
            <root url="file://$USER_HOME$/.PyCharmCE2019.2/system/python_stubs/-1523522277" type="simple" />
            <root url="file://$APPLICATION_HOME_DIR$/helpers/python-skeletons" type="simple" />
            <root url="file://$APPLICATION_HOME_DIR$/helpers/typeshed/stdlib/3" type="simple" />
            <root url="file://$APPLICATION_HOME_DIR$/helpers/typeshed/stdlib/2and3" type="simple" />
            <root url="file://$APPLICATION_HOME_DIR$/helpers/typeshed/third_party/3" type="simple" />
            <root url="file://$APPLICATION_HOME_DIR$/helpers/typeshed/third_party/2and3" type="simple" />
          </root>
        </classPath>
        <sourcePath>
          <root type="composite" />
        </sourcePath>
      </roots>
      <additional ASSOCIATED_PROJECT_PATH="$USER_HOME$/Desktop/MY/fulengen/img_overlap" />
    </jdk>
    <jdk version="2">
      <name value="Python 3.5 (img_overlap) (2)" />
      <type value="Python SDK" />
      <version value="Python 3.5.4" />
      <homePath value="D:\program\program_code\python36_virtualenv_home\img_overlap\Scripts\python.exe" />
      <roots>
        <classPath>
          <root type="composite">
            <root url="file://D:/program/program_code/python36_virtualenv_home/img_overlap/Lib" type="simple" />
            <root url="file://D:/program/program_code/python36_virtualenv_home/img_overlap/Scripts" type="simple" />
            <root url="file://D:/program/program_code/python35/Lib" type="simple" />
            <root url="file://D:/program/program_code/python35/DLLs" type="simple" />
            <root url="file://D:/program/program_code/python36_virtualenv_home/img_overlap" type="simple" />
            <root url="file://D:/program/program_code/python36_virtualenv_home/img_overlap/Lib/site-packages" type="simple" />
            <root url="file://$USER_HOME$/.PyCharmCE2019.2/system/python_stubs/-1523522277" type="simple" />
            <root url="file://$APPLICATION_HOME_DIR$/helpers/python-skeletons" type="simple" />
            <root url="file://$APPLICATION_HOME_DIR$/helpers/typeshed/stdlib/3" type="simple" />
            <root url="file://$APPLICATION_HOME_DIR$/helpers/typeshed/stdlib/2and3" type="simple" />
            <root url="file://$APPLICATION_HOME_DIR$/helpers/typeshed/third_party/3" type="simple" />
            <root url="file://$APPLICATION_HOME_DIR$/helpers/typeshed/third_party/2and3" type="simple" />
          </root>
        </classPath>
        <sourcePath>
          <root type="composite" />
        </sourcePath>
      </roots>
      <additional ASSOCIATED_PROJECT_PATH="$USER_HOME$/Desktop/img_overlap" />
    </jdk>
  </component>
</application>